{
  "INTEREST_PREPAID": {
    "41.55433042416921": [-99999999999999.02, 99999999999999.02]
  },
  "CUSTOMER_TYPE": {
    "41.55433042416921": [-99999999999999.02, 99999999999999.02]
  },
  "CRLIMIT": {
    "72.18608459014908": [-99999999999999.02, 397433.333],
    "51.32333413880647": [397433.333, 750000.0],
    "47.757892828363374": [750000.0, 1161300.0],
    "70.82379789199585": [1161300.0, 2380000.0],
    "52.4148046337704": [2380000.0, 7485000.0],
    "56.51023628621599": [7485000.0, 10708527.88],
    "58.19978377784555": [10708527.88, 12588941.36],
    "55.205785313897856": [12588941.36, 14013326.327],
    "59.79802843417809": [14013326.327, 15000000.0],
    "45.096346425763564": [15000000.0, 16250000.0],
    "47.49765289709964": [16250000.0, 16870000.0],
    "34.87632073063142": [16870000.0, 17696000.0],
    "52.870047965634285": [17696000.0, 18130000.0],
    "34.7178994259875": [18130000.0, 18839247.28],
    "38.153847220210395": [18839247.28, 19280000.0],
    "26.756287670502317": [19280000.0, 19411429.21],
    "30.540135938747802": [19411429.21, 20155745.77],
    "35.87520907024975": [20155745.77, 20505800.0],
    "40.827357417616795": [20505800.0, 20880000.0],
    "43.153394438769446": [20880000.0, 21690000.0],
    "29.490065809686612": [21690000.0, 21760000.0],
    "47.74071202211435": [21760000.0, 22067521.133],
    "44.036864412720746": [22067521.133, 22988311.543],
    "51.47378375345958": [22988311.543, 23600000.0],
    "26.47945116806929": [23600000.0, 24480000.0],
    "35.84092070417586": [24480000.0, 25535939.507],
    "36.33933667821119": [25535939.507, 27468000.0],
    "35.22101755418526": [27468000.0, 30473633.333],
    "24.92342171517469": [30473633.333, 35112000.0],
    "31.975095520367127": [35112000.0, 44430750.0],
    "28.4407687948931": [44430750.0, 57414566.667],
    "26.35807139744497": [57414566.667, 77602666.667],
    "15.178407855928977": [77602666.667, 99999999999999.02]
  },
  "PRINCIPAL_AMT": {
    "55.343310232385846": [-99999999999999.02, 3816.56],
    "9.266881462180436": [3816.56, 303333.341],
    "43.817340397043964": [303333.341, 658241.222],
    "40.24356599813107": [658241.222, 1040914.147],
    "65.15198378066209": [1040914.147, 1471268.477],
    "53.77452019471406": [1471268.477, 1952544.744],
    "38.57874637253158": [1952544.744, 2498256.515],
    "37.728183462604605": [2498256.515, 3090493.355],
    "35.01830261655663": [3090493.355, 3812939.114],
    "38.71035338081829": [3812939.114, 4649236.24],
    "45.1919703219104": [4649236.24, 5791669.843],
    "32.865823256174224": [5791669.843, 7216988.19],
    "29.02656626061316": [7216988.19, 9505040.568],
    "33.98969675836902": [9505040.568, 14543131.603],
    "59.14371577249118": [14543131.603, 99999999999999.02]
  },
  "PRINCIPAL_PAY_DAY": {
    "55.44882473121456": [-99999999999999.02, 7.0],
    "20.306760546388833": [7.0, 8.0],
    "97.27443062212612": [8.0, 13.0],
    "2.067624652803957": [13.0, 22.0],
    "29.341392034355692": [22.0, 99999999999999.02]
  },
  "NPL_DAYS": {
    "-57.00333020706962": [-99999999999999.02, 72.0],
    "107.08523617556588": [72.0, 99999999999999.02]
  },
  "LAST_REPAYMENT_AMOUNT": {
    "26.10847993954001": [-99999999999999.02, 10930.934],
    "40.43547279520126": [10930.934, 52059.856],
    "45.6533366978075": [52059.856, 96250.0],
    "16.007919608766535": [96250.0, 147443.499],
    "22.22052308852206": [147443.499, 194637.788],
    "32.60099782452647": [194637.788, 248586.125],
    "42.370263434804755": [248586.125, 284977.471],
    "44.83141585411431": [284977.471, 312446.35],
    "15.617873594386385": [312446.35, 343702.836],
    "23.241008181412923": [343702.836, 397506.395],
    "45.25630679457963": [397506.395, 485583.635],
    "52.39486479274161": [485583.635, 587885.599],
    "54.74549427689924": [587885.599, 681964.718],
    "49.21187195025425": [681964.718, 727627.875],
    "49.266131354923985": [727627.875, 970214.465],
    "47.64741663971357": [970214.465, 1558523.872],
    "88.41591146122018": [1558523.872, 99999999999999.02]
  },
  "FEE_OUTSTANDING": {
    "-52.57714204006819": [-99999999999999.02, 27277.56],
    "101.79131430987098": [27277.56, 99999999999999.02]
  },
  "VEXPRIREDATE": {
    "41.55433042416921": [-99999999999999.02, 99999999999999.02]
  },
  "Down_payment%": {
    "50.54597464879214": [-99999999999999.02, 20.0],
    "39.75042819222063": [20.0, 30.0],
    "14.300071942921885": [30.0, 99999999999999.02]
  },
  "Down payment amount": {
    "46.721976643654884": [-99999999999999.02, 468000.0],
    "35.624212318714974": [468000.0, 6800000.0],
    "42.53153290679095": [6800000.0, 99999999999999.02]
  },
  "LOAN_LENGTH": {
    "50.8065560166266": [-99999999999999.02, 365.0],
    "37.59185369893063": [365.0, 749.0],
    "41.118081550570004": [749.0, 1096.0],
    "44.40696672658988": [1096.0, 1373.889],
    "42.215043167851256": [1373.889, 1734.556],
    "40.581028120682": [1734.556, 1826.0],
    "35.96946968781972": [1826.0, 1827.0],
    "43.93413737706388": [1827.0, 1832.0],
    "44.24621502191001": [1832.0, 99999999999999.02]
  }
}
