{"CUSTOMER_TYPE": {"41.51366690635278": [-99999999999999.02, 99999999999999.02]}, "CRLIMIT": {"74.10313464185433": [-99999999999999.02, 397433.333], "51.90701981853269": [397433.333, 750000.0], "48.11370671214328": [750000.0, 1161300.0], "72.65378250369716": [1161300.0, 2380000.0], "53.06824755257424": [2380000.0, 7485000.0], "57.425423343980896": [7485000.0, 10708527.88], "59.222951920624126": [10708527.88, 12588941.36], "56.03760328494819": [12588941.36, 14013326.327], "60.92334238402222": [14013326.327, 15000000.0], "45.28205756322187": [15000000.0, 16250000.0], "47.836834522667836": [16250000.0, 16870000.0], "34.408857293894386": [16870000.0, 17696000.0], "53.55258605291574": [17696000.0, 18130000.0], "34.24031108631077": [18130000.0, 18839247.28], "37.89585458453645": [18839247.28, 19280000.0], "25.769862805025603": [19280000.0, 19411429.21], "29.795541529980042": [19411429.21, 20155745.77], "35.47158583170416": [20155745.77, 20505800.0], "40.740232149294926": [20505800.0, 20880000.0], "43.214929094226214": [20880000.0, 21690000.0], "28.678360110802288": [21690000.0, 21760000.0], "48.09542785916318": [21760000.0, 22067521.133], "44.15486273483197": [22067521.133, 22988311.543], "52.067084855487096": [22988311.543, 23600000.0], "25.475333336841565": [23600000.0, 24480000.0], "35.43510605343833": [24480000.0, 25535939.507], "35.96537641329656": [25535939.507, 27468000.0], "34.77558412086186": [27468000.0, 30473633.333], "23.819856103124465": [30473633.333, 35112000.0], "31.322211166120873": [35112000.0, 44430750.0], "27.56200121658819": [44430750.0, 57414566.667], "25.346196033862782": [57414566.667, 77602666.667], "13.452026267880537": [77602666.667, 99999999999999.02]}, "PRINCIPAL_AMT": {"54.61967525017961": [-99999999999999.02, 3816.56], "10.82542300562898": [3816.56, 303333.341], "43.66458945458847": [303333.341, 658241.222], "40.26782495550659": [658241.222, 1040914.147], "63.94252285410311": [1040914.147, 1471268.477], "53.12858775789195": [1471268.477, 1952544.744], "38.68546424372487": [1952544.744, 2498256.515], "37.87702991794466": [2498256.515, 3090493.355], "35.30137011765124": [3090493.355, 3812939.114], "38.81055272544734": [3812939.114, 4649236.24], "44.97113363084712": [4649236.24, 5791669.843], "33.25550357426296": [5791669.843, 7216988.19], "29.606405894974493": [7216988.19, 9505040.568], "34.3237113533761": [9505040.568, 14543131.603], "58.23184579588352": [14543131.603, 99999999999999.02]}, "PRINCIPAL_PAY_DAY": {"55.32664848970337": [-99999999999999.02, 7.0], "20.390746926176405": [7.0, 8.0], "96.90688243824616": [8.0, 13.0], "2.2586118065434846": [13.0, 22.0], "29.37237631101604": [22.0, 99999999999999.02]}, "INTEREST_PREPAID": {"41.51366690635278": [-99999999999999.02, 99999999999999.02]}, "NPL_DAYS": {"-57.16994413409244": [-99999999999999.02, 72.0], "107.1283169790147": [72.0, 99999999999999.02]}, "LAST_REPAYMENT_AMOUNT": {"25.385564838563806": [-99999999999999.02, 10930.934], "40.345388729811": [10930.934, 52059.856], "45.79372850759213": [52059.856, 96250.0], "14.838857286351885": [96250.0, 147443.499], "21.325874827270642": [147443.499, 194637.788], "32.164860755626464": [194637.788, 248586.125], "42.3656401200715": [248586.125, 284977.471], "44.93550297498591": [284977.471, 312446.35], "14.431582728222669": [312446.35, 343702.836], "22.39143529952689": [343702.836, 397506.395], "45.37916157846151": [397506.395, 485583.635], "52.833033550468464": [485583.635, 587885.599], "55.28749161231332": [587885.599, 681964.718], "49.50944618985248": [681964.718, 727627.875], "49.56610226181963": [727627.875, 970214.465], "47.875888040755825": [970214.465, 1558523.872], "90.44514936344623": [1558523.872, 99999999999999.02]}, "FEE_OUTSTANDING": {"-53.71922590789725": [-99999999999999.02, 27277.56], "102.45547605546793": [27277.56, 99999999999999.02]}, "VEXPRIREDATE": {"41.51366690635278": [-99999999999999.02, 99999999999999.02]}, "Down_payment%": {"50.948699873891854": [-99999999999999.02, 20.0], "39.62081209543349": [20.0, 30.0], "12.915468306342735": [30.0, 99999999999999.02]}, "Down payment amount": {"46.72835537930573": [-99999999999999.02, 468000.0], "35.52956559323317": [468000.0, 6800000.0], "42.49976508440796": [6800000.0, 99999999999999.02]}, "LOAN_LENGTH": {"49.18674090832697": [-99999999999999.02, 365.0], "38.227497882475724": [365.0, 749.0], "41.151876128884766": [749.0, 1096.0], "43.87942087878464": [1096.0, 1373.889], "42.061610503885966": [1373.889, 1734.556], "40.706485917700974": [1734.556, 1826.0], "36.88201917008655": [1826.0, 1827.0], "43.48729310877263": [1827.0, 1832.0], "43.74610595756637": [1832.0, 99999999999999.02]}}