{
  "CUSTOMER_TYPE": {
    "41.57897443407056": [-99999999999999.02, 99999999999999.02]
  },
  "CRLIMIT": {
    "74.58509309664143": [-99999999999999.02, 397433.333],
    "52.105204635360074": [397433.333, 750000.0],
    "48.26339465153564": [750000.0, 1161300.0],
    "73.1172112323496": [1161300.0, 2380000.0],
    "53.28127847292973": [2380000.0, 7485000.0],
    "57.694160032458385": [7485000.0, 10708527.88],
    "59.514669713118735": [10708527.88, 12588941.36],
    "56.28859692469306": [12588941.36, 14013326.327],
    "61.23679938590512": [14013326.327, 15000000.0],
    "45.39554333900087": [15000000.0, 16250000.0],
    "47.98298269714716": [16250000.0, 16870000.0],
    "34.38333101187624": [16870000.0, 17696000.0],
    "53.771809160477865": [17696000.0, 18130000.0],
    "34.21262996904912": [18130000.0, 18839247.28],
    "37.91490898317335": [18839247.28, 19280000.0],
    "25.633888414681564": [19280000.0, 19411429.21],
    "29.711034772874093": [19411429.21, 20155745.77],
    "35.45964635736558": [20155745.77, 20505800.0],
    "40.7956514422256": [20505800.0, 20880000.0],
    "43.30198697618477": [20880000.0, 21690000.0],
    "28.579570374981166": [21690000.0, 21760000.0],
    "48.244882106459016": [21760000.0, 22067521.133],
    "44.25393751212373": [22067521.133, 22988311.543],
    "52.26731607720147": [22988311.543, 23600000.0],
    "25.33559343621169": [23600000.0, 24480000.0],
    "35.4227001911993": [24480000.0, 25535939.507],
    "35.95974996945201": [25535939.507, 27468000.0],
    "34.754746380358945": [27468000.0, 30473633.333],
    "23.65895120128105": [30473633.333, 35112000.0],
    "31.25722262650744": [35112000.0, 44430750.0],
    "27.448939017896812": [44430750.0, 57414566.667],
    "25.204805134283113": [57414566.667, 77602666.667],
    "13.15857038522299": [77602666.667, 99999999999999.02]
  },
  "PRINCIPAL_AMT": {
    "54.55449764530047": [-99999999999999.02, 3816.56],
    "11.196266701911675": [3816.56, 303333.341],
    "43.70848211619682": [303333.341, 658241.222],
    "40.34553624857277": [658241.222, 1040914.147],
    "63.78452575957732": [1040914.147, 1471268.477],
    "53.07825561503607": [1471268.477, 1952544.744],
    "38.77892972692097": [1952544.744, 2498256.515],
    "37.97854427898579": [2498256.515, 3090493.355],
    "35.428528084414936": [3090493.355, 3812939.114],
    "38.902772811364905": [3812939.114, 4649236.24],
    "45.002018167814434": [4649236.24, 5791669.843],
    "33.40303045581645": [5791669.843, 7216988.19],
    "29.790263670118883": [7216988.19, 9505040.568],
    "34.46060301861947": [9505040.568, 14543131.603],
    "58.13070494878343": [14543131.603, 99999999999999.02]
  },
  "PRINCIPAL_PAY_DAY": {
    "55.774302894914946": [-99999999999999.02, 7.0],
    "19.871366604334874": [7.0, 8.0],
    "98.50548839723737": [8.0, 13.0],
    "1.2373293281361555": [13.0, 22.0],
    "29.10160979708975": [22.0, 99999999999999.02]
  },
  "INTEREST_PREPAID": {
    "41.57897443407056": [-99999999999999.02, 99999999999999.02]
  },
  "NPL_DAYS": {
    "-56.02350547999439": [-99999999999999.02, 72.0],
    "106.47478132910464": [72.0, 99999999999999.02]
  },
  "LAST_REPAYMENT_AMOUNT": {
    "25.217163339634126": [-99999999999999.02, 10930.934],
    "40.393766977546214": [10930.934, 52059.856],
    "45.92105753211173": [52059.856, 96250.0],
    "14.51762560653653": [96250.0, 147443.499],
    "21.09864519115273": [147443.499, 194637.788],
    "32.09469664653177": [194637.788, 248586.125],
    "42.443293417283485": [248586.125, 284977.471],
    "45.05039562893777": [284977.471, 312446.35],
    "14.10444931612917": [312446.35, 343702.836],
    "22.179646482158656": [343702.836, 397506.395],
    "45.500483198447085": [397506.395, 485583.635],
    "53.06236770385757": [485583.635, 587885.599],
    "55.55239281520209": [587885.599, 681964.718],
    "49.69061891893": [681964.718, 727627.875],
    "49.74809598244205": [727627.875, 970214.465],
    "48.03338921298228": [970214.465, 1558523.872],
    "91.21951299022629": [1558523.872, 99999999999999.02]
  },
  "FEE_OUTSTANDING": {
    "-53.414665021300614": [-99999999999999.02, 27277.56],
    "102.36767962819488": [27277.56, 99999999999999.02]
  },
  "VEXPRIREDATE": {
    "41.57897443407056": [-99999999999999.02, 99999999999999.02]
  },
  "Down_payment%": {
    "50.78300800919201": [-99999999999999.02, 20.0],
    "39.73246268445922": [20.0, 30.0],
    "13.680950017189428": [30.0, 99999999999999.02]
  },
  "Down payment amount": {
    "47.55861635475868": [-99999999999999.02, 468000.0],
    "34.7170529108253": [468000.0, 6800000.0],
    "42.70972539532097": [6800000.0, 99999999999999.02]
  },
  "LOAN_LENGTH": {
    "48.28316944364471": [-99999999999999.02, 365.0],
    "38.70774994635868": [365.0, 749.0],
    "41.26286697515815": [749.0, 1096.0],
    "43.64600467146658": [1096.0, 1373.889],
    "42.05772919795854": [1373.889, 1734.556],
    "40.8737161823516": [1734.556, 1826.0],
    "37.53216482014109": [1826.0, 1827.0],
    "43.303390871814244": [1827.0, 1832.0],
    "43.52952342427629": [1832.0, 99999999999999.02]
  }
}
